id,name,email
1,Super Admin,admin@email.com
2,ako,ako@me.com
3,coor,coor@email.com
4,Horace McKenzie,rempel.stewart@example.com
5,Dr. Scot Hoppe,kris83@example.net
6,Mrs. Hailie VonRueden,dbode@example.org
7,Efrain White,era36@example.net
8,Violet Bahringer,madisen.schmidt@example.org
9,Sydnee Flatley,schinner.carole@example.net
10,Mrs. Annalise Farrell MD,rory.ortiz@example.com
11,Vallie Gleichner,rocky12@example.com
12,Rosetta Breitenberg Sr.,edward.crooks@example.org
13,Miss Ericka McKenzie,qvandervort@example.org
14,Imelda Abbott IV,hollis.wuckert@example.org
15,Dr. Roger Bartell,tyrique.reynolds@example.com
16,Eliezer Hauck DDS,ellen54@example.com
17,Filomena Beer,pearline29@example.net
18,Aylin DuBuque,jarrell.bosco@example.com
19,Ms. Marlen Sawayn,verona.jast@example.net
20,Dennis Rath IV,ehaag@example.net
21,Mr. Leon Johns,lbatz@example.org
22,Prof. Isidro Kuvalis,vince.zieme@example.org
23,Mrs. Theresa Padberg Sr.,pollich.flavie@example.org
24,Tyrell Dietrich,fwunsch@example.com
25,Ashton Dach,maritza.rolfson@example.org
26,Aaron Jacobs,esatterfield@example.net
27,Mrs. Aryanna Cummerata DVM,cory.sipes@example.com
28,Maud Carroll II,chloe88@example.net
29,Alize Baumbach,sfahey@example.com
30,Ms. Katrina Ziemann II,judah.abbott@example.net
31,Melvin Runte,kaylin14@example.com
32,Prof. Elliot Kunze,sydnee.hansen@example.com
33,Robb Dickinson,elind@example.net
34,Mae Schimmel,sim.schneider@example.org
35,Gideon Keebler,evelyn66@example.com
36,Ophelia Stoltenberg,king.alvina@example.org
37,Rosemary Littel,christy.glover@example.org
38,Dr. Casimir Ankunding Sr.,kiera.tromp@example.com
39,Theo Jones,sage79@example.net
40,Mr. Cornelius Beer III,demarco.towne@example.net
41,Ms. Laury Bogan Sr.,kenny.abshire@example.org
42,Ulises Runolfsson,dan14@example.org
43,Guadalupe Toy,cbernier@example.net
44,Mr. Robin Blanda,noemi31@example.com
45,Monique Nader Sr.,welch.janick@example.net
46,Mrs. Melisa Nader DDS,kay.kohler@example.com
47,Rogelio McCullough,margaretta.mohr@example.net
48,Mrs. Elisabeth Gislason I,gussie.weimann@example.com
49,Mr. Triston Dicki DDS,eliezer.jakubowski@example.net
50,Kenna Gerlach,manuel.kunde@example.net
51,Bernice Weissnat,philip67@example.org
52,Celestino Casper,xokeefe@example.com
53,Yolanda Gleichner,pquitzon@example.net
54,Dennis Bode,stella.berge@example.com
55,Josie Glover I,mozelle17@example.net
56,Ms. Della Wiegand,brau@example.net
57,Rudy Considine,sallie68@example.net
58,Mckayla Dickens,irussel@example.org
59,Beatrice Kulas,sandra.hauck@example.net
60,Dr. Rafael Hammes I,homenick.ali@example.com
61,Dr. Morton Bruen DDS,gust22@example.net
62,Shanna Kiehn PhD,dedric68@example.org
63,Prof. Bryana Klocko MD,grimes.ephraim@example.net
64,Shemar Prohaska,reagan.ohara@example.org
65,Austin O'Connell,legros.jayson@example.org
66,Vito Kling,muller.veda@example.net
67,Olin Macejkovic III,hegmann.elody@example.com
68,Mr. Kelvin Schaden V,timmy08@example.net
69,Summer Anderson IV,kelvin37@example.com
70,Mr. Elwyn Leannon DDS,doyle.janessa@example.org
71,Celine Larson PhD,brooke44@example.org
72,Luna Parker,quigley.mariana@example.com
73,Lucas Ebert,liana71@example.org
74,Mr. Zackery Tremblay IV,rahul.stokes@example.org
75,Dr. Trey Moen IV,giovanny08@example.com
76,Nicola Weimann,oscar.feest@example.net
77,Thurman Batz,qlittle@example.org
78,Dr. Mathias Schulist V,kemmer.estevan@example.org
79,Mrs. Allison Doyle V,maggio.derek@example.com
80,Lew Kuhic,meggie.botsford@example.org
81,Geovanny Emmerich,sbahringer@example.net
82,Dr. Casey Wiza MD,river61@example.com
83,Dr. Lucious Conn,okon.edison@example.net
84,Marianne Bartell,sgerlach@example.com
85,Dr. Monica Abshire IV,altenwerth.allene@example.net
86,Rupert Kuhn,jerald.kohler@example.net
87,Prof. Collin Walter II,arely.williamson@example.com
88,Prof. Meagan Kautzer Sr.,bernier.eugene@example.com
89,Otto Streich,ashtyn77@example.org
90,Mr. Ryleigh Friesen IV,francis52@example.com
91,Jaida Mohr,reilly.emmy@example.com
92,Tre Lind,wisoky.glen@example.net
93,Miss Candice Reinger Jr.,xpaucek@example.net
94,Ressie Wyman,april93@example.com
95,Jayda Pacocha MD,carter.emile@example.net
96,Prof. Saul Klocko V,zulauf.freeman@example.com
97,Reanna Larson,dkessler@example.com
98,Mrs. Maiya Hansen,sedrick78@example.org
99,Oda Robel,rodriguez.deja@example.net
100,Jennings Williamson I,henriette.ortiz@example.net
101,Ms. Carmen O'Keefe II,amara.yost@example.org
102,Prof. Bruce Johnson II,strosin.rhett@example.net
103,Dalton Schneider,simonis.joanne@example.org
104,Prof. Keenan Koepp IV,veda.walsh@example.com
105,Dr. Luisa Mills DDS,bconnelly@example.net
106,Samara Mayert,eve.koepp@example.com
107,Mr. Cruz Kautzer I,macejkovic.holly@example.org
108,Laverne Kuhn,vaughn79@example.com
109,Miss Lexie Konopelski DDS,herminio83@example.org
110,Ahmed Boehm,dach.birdie@example.com
111,Justine Kuphal,bednar.nat@example.net
112,Krystel Greenfelder,miles89@example.com
113,Loren Zemlak,weldon.upton@example.org
114,Mr. Jerrell Medhurst IV,huels.cecelia@example.org
115,Dr. Lavinia Grimes I,euna57@example.com
116,Hertha O'Hara,reese89@example.org
117,Triston Armstrong,laurianne.lynch@example.com
118,Mylene Buckridge V,abigayle06@example.org
119,Prof. Letitia Konopelski I,amaya.feest@example.org
120,Estelle Borer,elbert.bednar@example.net
121,Marlene Hyatt Jr.,yvonne16@example.org
122,Dominic Weimann,libby07@example.net
123,Mrs. Anastasia Veum,ross.witting@example.org
124,Caleb Parker,akovacek@example.net
125,Kaleigh Swaniawski,jschuster@example.com
126,Bethany Rowe,hazle46@example.net
127,Tess Pfannerstill,cameron13@example.net
128,Reece Treutel,domenico03@example.com
129,Prof. Houston Collier,cummings.darlene@example.org
130,Madge Swift,izaiah04@example.com
131,Anthony Schneider,alan.cummerata@example.net
132,Rory Kirlin,tomas.von@example.org
133,Alena Spinka,kdicki@example.com
134,Xander Zieme,caroline05@example.net
135,Dr. Sid Kuhn,max.white@example.net
136,Austen Dare I,lera.schroeder@example.com
137,Prof. Dion Balistreri,queenie87@example.com
138,Cale McGlynn,enos57@example.org
139,Akeem Kuvalis,nedra.rolfson@example.net
140,Phoebe Bashirian I,skulas@example.org
141,Mr. Osvaldo Kunze IV,antonina.abbott@example.com
142,Cletus Goyette,hmuller@example.com
143,Mr. Elwin Haley,darlene.koch@example.org
144,Hosea Tromp,mdicki@example.com
145,Shanna Cruickshank,andre84@example.net
146,Dr. Destin Bednar,rohan.terence@example.com
147,Emmie Hermiston,dustin.purdy@example.net
148,Laurie Reinger,willms.savion@example.org
149,Jamarcus Stokes,ryleigh.boehm@example.net
150,German Schneider Jr.,murphy.pamela@example.com
151,Lori Wolff,mireya95@example.com
152,Reginald Balistreri,agleichner@example.net
153,Louvenia Ebert,stiedemann.noah@example.net
154,Ella Cole,lynch.maci@example.net
155,Emmitt Stokes,joaquin.pfeffer@example.org
156,Mrs. Myrtis Hand Sr.,larson.bryce@example.net
157,Justina Harber,damien.dicki@example.net
158,Miss Jayda Goyette III,epadberg@example.com
159,Prof. Elijah Lebsack DDS,htrantow@example.org
160,Hermann Parisian,jaycee01@example.org
161,Mr. Marcelo DuBuque III,skyla55@example.com
162,Buford Mertz,anissa.bogan@example.net
163,Prof. Daren Bosco MD,edgardo59@example.net
164,Arlie Hickle MD,brooks.botsford@example.net
165,Kobe Mayert,xhand@example.net
166,Junius Schmitt PhD,yasmin.mclaughlin@example.net
167,Geoffrey Hickle,brett70@example.net
168,Dr. Cyrus Collier,thiel.shaylee@example.net
169,Ova Torphy,rebecca52@example.com
170,Modesto Balistreri MD,ddamore@example.org
171,Tomas Kuvalis,qwillms@example.net
172,Roderick Nolan,lester10@example.com
173,Leann Yundt,krenner@example.com
174,Margaretta Bauch,ritchie.mavis@example.com
175,Reagan Gerhold,roslyn83@example.com
176,Prof. Rex Goldner DDS,gottlieb.owen@example.net
177,Nickolas Abernathy IV,xwhite@example.net
178,Earlene Wintheiser,cheyanne.prohaska@example.net
179,Deshaun Abshire,sreichert@example.com
180,Russel Armstrong,reginald.dubuque@example.net
181,Eve Pfannerstill,ian.walsh@example.org
182,Eldred Carroll,howe.quinton@example.com
183,Ms. Charity Hintz,nlang@example.org
184,Miss Laisha Bradtke,bruen.mafalda@example.net
185,Ms. Vicenta Wisozk,nora93@example.com
186,Annabell Blick,moriah86@example.net
187,Omer Jones,annabell.treutel@example.com
188,Neal Dibbert,maci86@example.org
189,Rosa Kohler,kharris@example.net
190,Aron Wisozk,vwindler@example.net
191,Mrs. Whitney Veum Sr.,chasity53@example.com
192,Esteban Barrows,ines12@example.net
193,Chance Cremin,helena.kunze@example.com
194,Mrs. Kyla Daugherty II,trystan.zboncak@example.net
195,Marianna Walsh,vonrueden.bo@example.org
196,Dr. Candelario Hoppe MD,dock.schimmel@example.com
197,Delaney Willms,heaney.wiley@example.org
198,Carmen Schaden PhD,hirthe.polly@example.com
199,Miss Carmen Lesch IV,roslyn.gaylord@example.com
200,Jimmy Haley,eldon.lang@example.org
201,Dr. Tess Swaniawski II,ankunding.aileen@example.net
202,Miss Mafalda Toy,margarette45@example.org
203,Clementina Shanahan,leonor.kiehn@example.com
204,Aletha Schmeler,powlowski.alyce@example.net
205,Dewayne Wunsch MD,davis.hanna@example.com
206,Landen Bauch,angelina.heller@example.net
207,Alysa Lehner,dooley.dedric@example.net
208,Miss Ada Marvin I,malcolm03@example.com
209,Miss Dakota Gorczany,dell.reichel@example.org
210,Cleta Koelpin,junius35@example.org
211,Prof. Llewellyn Shields,mafalda59@example.com
212,Alisa D'Amore,tressie.mckenzie@example.org
213,Ms. Antonette Bergstrom III,marquardt.wilmer@example.com
214,Vena Will,casandra.goyette@example.net
215,Emelie Considine,price12@example.com
216,Lacey Gibson,welch.adolphus@example.com
217,Micaela Lesch,dlittle@example.com
218,Gregory Daugherty,emmy45@example.net
219,Michael Pfannerstill I,kilback.kari@example.com
220,Rosalia Smitham,audrey76@example.com
221,Maribel Cremin,rosalyn36@example.com
222,Jorge Kovacek,lwisozk@example.net
223,Camilla Greenfelder,hfarrell@example.net
224,Philip Gutmann,jdubuque@example.net
225,Dr. Katharina Lind V,josh.kuhic@example.net
226,Mrs. Skyla Ferry III,bcasper@example.net
227,Ms. Bonita Parisian,joy95@example.org
228,Ms. Margaret Predovic,bulah81@example.org
229,Ms. Rahsaan Herzog,showe@example.org
230,Prof. Ottis Satterfield DVM,ulegros@example.com
231,Raquel Prosacco,kaia.wyman@example.net
232,Drew Lesch IV,shanahan.lavon@example.com
233,Esperanza Wilderman,clare.dach@example.org
234,Ana Jenkins,zvandervort@example.com
235,Darrion Krajcik,conroy.gladyce@example.org
236,Edgar Rolfson,darron52@example.com
237,Jalen Lowe,mya46@example.com
238,Kale Schaden,ubaldo61@example.net
239,Ella Cremin,quinten.dickinson@example.net
240,Prof. Gerardo Blanda,dominic19@example.org
241,Leone Nitzsche,eichmann.pearl@example.net
242,Jacey Gerhold,hammes.deangelo@example.net
243,Prof. Osbaldo Price,wflatley@example.com
244,Judson O'Kon Jr.,helga.wuckert@example.com
245,Green Cole,hherman@example.com
246,Beulah Murphy,koch.melyna@example.org
247,Belle Konopelski,monica.block@example.com
248,Sheridan Osinski,wdooley@example.com
249,Gerhard Prohaska DDS,adrien62@example.com
250,Amina Dicki,bjast@example.org
251,Mrs. Marlen Hahn,nya.marks@example.net
252,Bernadette Huel,koelpin.vivian@example.org
253,Raymond Sauer,schneider.jed@example.com
254,Marjolaine Kemmer,rahul85@example.net
255,Belle Wolff,misty53@example.net
256,Maribel Zulauf,bruen.gilda@example.org
257,Jena Rohan,qrussel@example.com
258,Justice Bashirian,juwan.jacobs@example.com
259,Junior Jacobson,rosalyn42@example.net
260,Zetta Bashirian,allene39@example.com
261,Prof. Heidi Schimmel DDS,beau13@example.com
262,Ms. Ashley Cartwright V,igerlach@example.com
263,Gerald Ullrich,wshanahan@example.com
264,Samir Kozey,wisozk.lorine@example.net
265,Shanny Rosenbaum,unique77@example.org
266,Mrs. Alejandra Buckridge MD,reuben38@example.com
267,Miss Alexa Kemmer Jr.,bdavis@example.net
268,Selena Kirlin,alvena.littel@example.org
269,Devan Hudson,oma.willms@example.net
270,Ben Beatty,hunter30@example.net
271,Mrs. Susanna Huels DDS,heaven.grant@example.net
272,Declan O'Hara,oleta.luettgen@example.org
273,Leonie Wuckert,kaitlin88@example.net
274,Wyman Cormier,chadrick14@example.com
275,Rigoberto Greenholt I,ufranecki@example.org
276,Haven Gorczany,bogan.dudley@example.net
277,Dr. Jayden Hills,cassin.jesus@example.net
278,Tania Hudson I,wolf.nikki@example.net
279,Prof. Garland Crooks DDS,erich00@example.net
280,Dr. Jessyca Boehm I,kyla.bashirian@example.com
281,Salvatore Davis,ephraim22@example.net
282,Ethyl Stracke,ondricka.oran@example.org
283,Dr. Aleen Wolf DVM,ecasper@example.com
284,Gladyce Williamson,andrew02@example.com
285,Danika Ondricka,ueichmann@example.net
286,Ms. Marge Nader,harber.armando@example.com
287,Kathryn Lockman,altenwerth.tatyana@example.org
288,Felipe Dicki,leora.kihn@example.com
289,Alessia Metz,green.arlo@example.com
290,Mr. Moshe Ritchie II,markus57@example.org
291,Dr. Rupert Huels IV,lisandro03@example.org
292,Dr. Augustus Yundt MD,monahan.mattie@example.com
293,Maryjane Brakus,anais.reichel@example.org
294,Grace Legros IV,xbalistreri@example.org
295,Dr. Ahmed Osinski III,dpfannerstill@example.org
296,Judd Koelpin,haylie31@example.net
297,Casper Swaniawski,elouise85@example.org
298,Joyce Lesch,paolo.hyatt@example.org
299,Cora Dickens,christelle.mayert@example.net
300,Prof. Fanny Wehner,hgislason@example.org
301,Jeromy Jast,yost.oda@example.net
302,Brendan Abbott,will.joana@example.org
303,Leon Haley,bflatley@example.net
304,Dr. Otho Hammes,coty69@example.org
305,Tre Rath,cassandra77@example.net
306,Pauline Wyman,dulce.zulauf@example.org
307,Dr. Issac Ankunding DVM,ncole@example.net
308,Mrs. Stacy Mitchell DVM,xkovacek@example.com
309,Elijah Beahan,eugenia06@example.com
310,Eda Reynolds,river.spencer@example.com
311,Lilyan Hodkiewicz,kutch.ward@example.com
312,Jazlyn Pfeffer II,greenfelder.brice@example.org
313,Maya Bednar I,maymie.moore@example.com
314,Fannie Balistreri,qjaskolski@example.com
315,Imogene Lueilwitz,elliott.hickle@example.net
316,Gardner Vandervort PhD,temmerich@example.com
317,Leanna Witting,madeline.white@example.com
318,Miss Wava Langworth,nbarton@example.net
319,Miss Enola Stokes,shanna06@example.com
320,Ezequiel Mohr Jr.,tpacocha@example.com
321,Mrs. Miracle Bashirian,upollich@example.com
322,Kian Muller DVM,theresia47@example.com
323,Eldridge Thiel,palma.abbott@example.net
324,Leone Bode,kbernhard@example.org
325,Willa Rohan,bins.jess@example.net
326,Abdiel Reinger IV,balistreri.jarrell@example.net
327,Maude Sanford,smetz@example.net
328,Brandon Gutkowski,ftillman@example.net
329,Mariah Hahn,jody20@example.com
330,Anya Donnelly,carlo70@example.net
331,Neoma Morar,mklocko@example.com
332,Brant Hoppe,kautzer.freeda@example.org
333,Pattie Labadie,kole.gusikowski@example.com
334,Dr. Roberto Cummerata Jr.,dwilkinson@example.org
335,Vallie Feest,qhoeger@example.com
336,Zena Zieme,tatyana.quigley@example.com
337,Caterina Predovic,orn.elliott@example.org
338,May Kunze DDS,orion.lang@example.org
339,Diego Renner II,adan.runte@example.net
340,Prof. Alphonso Cronin Sr.,daniel.murphy@example.org
341,Camryn Deckow,elmore55@example.com
342,Deborah Pfeffer,dickens.kurtis@example.net
343,Prof. Bailey Bergnaum,harber.devyn@example.net
344,Hazel Jacobi,amir.rempel@example.org
345,Dr. Jamir Witting,hintz.madisen@example.net
346,Yasmine Wyman,wluettgen@example.net
347,Alfreda Rolfson,dboyle@example.org
348,Bill Kautzer,rollin.hilpert@example.net
349,Prof. Hollis Waters,acollier@example.org
350,Prof. Charlotte McClure,quitzon.georgette@example.org
351,Evans Sporer,armani26@example.net
352,Mrs. Thelma Hane DVM,samson.cassin@example.com
353,Missouri Ryan III,fidel.armstrong@example.org
354,Prof. Therese Powlowski MD,laron12@example.com
355,Ernestina Hegmann,jermain.wiza@example.com
356,Makayla Lynch,jwintheiser@example.org
357,Lizzie Willms,tgreenholt@example.org
358,Prof. Antonio Larkin MD,fschneider@example.com
359,Virgie Veum,narciso08@example.com
360,Miss Tressa Waters DVM,asa.purdy@example.org
361,Toby Langosh,ernestina04@example.com
362,Ona Funk,noemie.reinger@example.org
363,Odie Terry V,borer.kiara@example.org
364,Aglae Konopelski,ykunde@example.net
365,Dr. Bryce Kilback,pbrakus@example.org
366,Prof. Nikki Carroll,alivia.sawayn@example.net
367,Kane Tillman II,kamille.murray@example.net
368,Kayli Pagac,sedrick.hettinger@example.org
369,Pearline Hills,felipa.stokes@example.org
370,Dorothy Keeling,pollich.lori@example.org
371,Rodrick Gislason,rutherford.ian@example.com
372,Dr. Kailey O'Kon,isabella24@example.com
373,Dr. Myra Schmidt PhD,ulices71@example.com
374,Prof. Eugene Murazik DVM,xwilliamson@example.com
375,Dr. Janae Hills,williamson.alycia@example.org
376,Margaretta Gleichner,freda07@example.com
377,Mr. Isom Blick DDS,abarrows@example.com
378,King Walsh III,tabitha04@example.org
379,Mr. Jerad Durgan,madyson.corkery@example.org
380,Emmalee Boyle,mafalda.torp@example.net
381,Sean Turner,stoltenberg.jodie@example.org
382,Mrs. Maymie Beatty,daniella35@example.net
383,Eulah Streich,morar.nigel@example.com
384,Prof. Rollin McGlynn DDS,isabel63@example.org
385,Felipa Grady,joel82@example.org
386,Prof. Isaiah Schmitt DVM,blaise46@example.com
387,Tianna Hackett,reynolds.jakob@example.net
388,Dawn Adams,fdouglas@example.com
389,Dr. Brock Heathcote,vandervort.icie@example.com
390,Alicia Huels,margarita.barrows@example.org
391,Luisa Reichel,rcole@example.com
392,Kyla Berge,magdalen.hintz@example.org
393,Lonzo Hand,mariana.hills@example.org
394,Marty Stroman,homenick.forest@example.com
395,Mrs. Jazmyne Donnelly Sr.,jayde.thiel@example.org
396,Savion Dibbert,lankunding@example.org
397,Dr. Jennings Yost,golden.tillman@example.com
398,Loma Hegmann,weissnat.keara@example.org
399,Miss Marge Larkin,ukling@example.net
400,Anissa Thompson,delphine54@example.org
401,Mina Ernser V,lexi36@example.org
402,Bartholome Abernathy,runte.eleonore@example.com
403,Queen Becker,felicity11@example.org
404,Brice Heaney,lucinda.bailey@example.com
405,Wilfredo Langworth,josianne.klocko@example.net
406,Prof. Gideon Jones,antonetta14@example.net
407,Vance Cole,yhammes@example.net
408,Marina Goldner,bode.brooke@example.net
409,Miss Cora Ziemann,bosco.fredrick@example.com
410,Providenci Cummerata,jasper80@example.org
411,Dr. Keanu Gerlach III,bogisich.carole@example.net
412,Mr. Christ Kub Sr.,kattie.runte@example.org
413,Dr. Layla Sanford,ryann.rowe@example.com
414,Sadye Ankunding,otillman@example.com
415,Jakayla Kerluke,devan12@example.net
416,Wilfred Koss,lafayette31@example.com
417,Ryder Kutch,dooley.fleta@example.net
418,Blanche Pollich,torp.karson@example.net
419,Dr. Einar Wuckert,kevin97@example.com
420,Mose Kling,olson.omer@example.net
421,Cassandra Heathcote DDS,toy.fritsch@example.net
422,Dr. Max Hyatt PhD,nayeli08@example.net
423,Kennedy Harvey IV,anderson18@example.org
424,Ms. Celine Armstrong III,elfrieda.stehr@example.com
425,Imelda Champlin,ohara.precious@example.com
426,Keith Reichel,zoey.hickle@example.com
427,Ines Lubowitz,kaitlyn00@example.org
428,Augustine Brakus,ilang@example.net
429,Maye Becker,kayleigh.cruickshank@example.org
430,Laverne Ankunding,schmidt.maymie@example.net
431,Bennie Ryan,jpadberg@example.com
432,Desmond Douglas,kathleen.goldner@example.net
433,Vincent Schimmel,elian.hill@example.org
434,Jarrell Rath,carey35@example.com
435,Chloe Sauer,jlesch@example.net
436,Jordy Graham,hgorczany@example.org
437,Cristal Barton DDS,jharber@example.net
438,Ms. Letitia Mertz,ebert.elenora@example.net
439,Sofia Bashirian,heber.kertzmann@example.org
440,Mya Metz,doyle.russ@example.org
441,Newell Schmitt,meaghan74@example.net
442,Miss Mabel Greenholt,swift.zoila@example.net
443,Maymie Lubowitz,ebuckridge@example.org
444,Vivien Cremin,ccrooks@example.com
445,Dominic Bode,oberbrunner.alberto@example.com
446,Alysha Kub,jesse63@example.net
447,Angelina Welch,christiansen.vergie@example.net
448,Trudie Spencer,alexa35@example.net
449,Mrs. Iva Bailey IV,qgleichner@example.com
450,Keegan Thompson,reinger.olaf@example.net
451,Marshall Hermann,rath.nova@example.org
452,Roxane Grimes,daphney93@example.net
453,Mitchell Haley I,hand.charles@example.net
454,Mr. Kiel Hettinger Jr.,junius.cormier@example.org
455,Vada Greenholt,graham.crawford@example.net
456,Mya Effertz,america15@example.net
457,Santa Bradtke,terry.creola@example.com
458,Lavon Kertzmann,assunta.jacobs@example.org
459,Dr. Joelle Conn,catherine.kutch@example.com
460,Ludwig Berge,schmeler.celine@example.com
461,Missouri Hayes,feeney.bernadette@example.com
462,Elisabeth Streich,isadore40@example.com
463,Rosalinda Hettinger III,blair.ullrich@example.com
464,Mr. General Nicolas Sr.,ransom37@example.net
465,Aubrey Haag DDS,hoppe.liana@example.org
466,Oren Watsica I,betsy76@example.com
467,Prof. Elfrieda Bode II,upton.hope@example.com
468,Mr. Jacey Spinka,considine.bernie@example.com
469,Renee Rempel,nolan.elmer@example.com
470,Zackery Mann,yheidenreich@example.com
471,Queenie Fay,breanne.graham@example.com
472,Laurianne Torp,klocko.orval@example.com
473,Margarette Strosin,jerry60@example.com
474,Matteo Volkman,bridgette82@example.net
475,Lucio Kihn,tlind@example.net
476,Monroe Toy,melyssa.rohan@example.org
477,Florencio Maggio MD,josue.satterfield@example.com
478,Dr. Maude Crona II,ischoen@example.org
479,Louie Howe,fkunde@example.net
480,Ford Schaden I,marta15@example.org
481,Colten Runolfsdottir,vickie.barton@example.net
482,Kim Cormier,ansel.bayer@example.org
483,Mr. Celestino Barrows,jeromy72@example.com
484,Kaitlyn Abernathy,zaria55@example.com
485,Prof. Kylie Ward,verla.doyle@example.net
486,Dorothy Monahan V,walter.hirthe@example.net
487,Addison Casper,mauricio01@example.net
488,Bernhard Hammes V,darrel.rice@example.net
489,Dr. Cyrus Greenholt PhD,durgan.gavin@example.net
490,Karen Tremblay,geovany.schmidt@example.org
491,Prof. Jean Oberbrunner,jordyn69@example.com
492,Reymundo Bernier,burnice.ernser@example.com
493,Prof. Trent Williamson Sr.,wstreich@example.com
494,Prof. Darius Towne II,blesch@example.org
495,Miss Georgianna Lubowitz,psatterfield@example.com
496,Dr. Leland Wilkinson II,victor.watsica@example.com
497,Lesley Hills,jarrett.brekke@example.net
498,Donnell Price,lucile29@example.org
499,Ezra Koch II,tomas04@example.com
500,Prof. Jackie Little,onikolaus@example.net
501,Dr. Adrianna Simonis V,herman94@example.net
502,Olen Konopelski,halle75@example.com
503,Norbert Schimmel,astokes@example.org
504,Noe Hegmann,stark.flossie@example.com
505,Judd Corwin,fschaefer@example.com
506,Nella Denesik PhD,okuhic@example.com
507,Christian Mayer II,pfannerstill.myrl@example.com
508,Ruth Abshire,beverly96@example.net
509,Miss Destinee Konopelski DDS,dare.krista@example.net
510,Prof. Lew Lakin,stephanie.terry@example.org
511,Shyann Gutmann,meda45@example.net
512,Art Conn DDS,scassin@example.org
513,Dr. Keagan Donnelly,bryana92@example.org
514,Anita Bergstrom,parker90@example.net
515,Jerod Hansen,saufderhar@example.org
516,Jayde Will,parker.carson@example.net
517,Ari Daugherty I,toy.dasia@example.com
518,Skye Luettgen,padberg.jocelyn@example.com
519,Alec Dare Sr.,myron.cremin@example.net
520,Mr. Olaf Dickinson,ykemmer@example.org
521,Mr. Brenden Funk,schmeler.hollis@example.org